Campaign,Ad group,Keyword,Match type,Final URL
Mobile Notary — Houston — Search,Mobile Notary,mobile notary,Exact,https://houstonmobilenotarypros.com/booking
Mobile Notary — Houston — Search,Mobile Notary,mobile notary near me,Exact,https://houstonmobilenotarypros.com/booking
Mobile Notary — Houston — Search,Mobile Notary,same day notary,Exact,https://houstonmobilenotarypros.com/booking
Mobile Notary — Houston — Search,Mobile Notary,mobile notary houston,Exact,https://houstonmobilenotarypros.com/booking
Mobile Notary — Houston — Search,Mobile Notary,mobile notary,Phrase,https://houstonmobilenotarypros.com/booking
Mobile Notary — Houston — Search,Mobile Notary,mobile notary near me,Phrase,https://houstonmobilenotarypros.com/booking
Mobile Notary — Houston — Search,Mobile Notary,same day notary,Phrase,https://houstonmobilenotarypros.com/booking
Mobile Notary — Houston — Search,Mobile Notary,mobile notary houston,Phrase,https://houstonmobilenotarypros.com/booking
Mobile Notary — Houston — Search,Notary Near Me,notary near me,Exact,https://houstonmobilenotarypros.com/booking
Mobile Notary — Houston — Search,Notary Near Me,notary service near me,Exact,https://houstonmobilenotarypros.com/booking
Mobile Notary — Houston — Search,Notary Near Me,houston notary,Exact,https://houstonmobilenotarypros.com/booking
Mobile Notary — Houston — Search,Notary Near Me,notary near me,Phrase,https://houstonmobilenotarypros.com/booking
Mobile Notary — Houston — Search,Notary Near Me,notary service near me,Phrase,https://houstonmobilenotarypros.com/booking
Mobile Notary — Houston — Search,Notary Near Me,houston notary,Phrase,https://houstonmobilenotarypros.com/booking
Mobile Notary — Houston — Search,Loan Signing,loan signing notary,Exact,https://houstonmobilenotarypros.com/booking
Mobile Notary — Houston — Search,Loan Signing,loan signing agent,Exact,https://houstonmobilenotarypros.com/booking
Mobile Notary — Houston — Search,Loan Signing,loan signing notary,Phrase,https://houstonmobilenotarypros.com/booking
Mobile Notary — Houston — Search,Loan Signing,loan signing agent,Phrase,https://houstonmobilenotarypros.com/booking

